{"assessment_id":123,"answers":[{"question_id":"11","section_id":"1","score":"0.5","value":"From 3-12M","scores":"0.5 | 0.3 | 0.2","recommendations":"","question_type":"2","question_type_txt":"Dropdown Single","questions":"From 3-12M | From 12-24M | From 24-48M"},{"question_id":"12","section_id":"1","score":"1","value":" No","scores":"0.5 | 1","recommendations":"","question_type":"8","question_type_txt":"Radio Group","questions":"Yes | No"},{"question_id":"13","section_id":"1","score":"0.2","value":" Heavy rain ","scores":"0.1 | 0.2 | 0.3 | 0.4 | 0.5 | 0.6","recommendations":"","question_type":"7","question_type_txt":"Checkbox group","questions":"Hurricane | Heavy rain | Flood | Drought | Winds | Other"},{"question_id":"14","section_id":"1","score":"1","value":" No","scores":"0.5 | 1","recommendations":"","question_type":"8","question_type_txt":"Radio Group","questions":"Yes | No"},{"question_id":"15","section_id":"1","score":"Heavyrain","value":" Heavy rain ","scores":"Hurricane | Heavy rain | Flood | Drought | Winds | Other","recommendations":"","question_type":"7","question_type_txt":"Checkbox group","questions":"Hurricane | Heavy rain | Flood | Drought | Winds | Other"},{"question_id":"21","section_id":"3","scores":"0.5 | 0.4 | 0.3 | 0.2 | 0.1","recommendations":"","question_type":"8","question_type_txt":"Radio Group","questions":"1 | 2 | 3 | 4 | 5"},{"question_id":"23","section_id":"3","scores":"0.5 | 0.4 | 0.3 | 0.2 | 0.1","recommendations":"","question_type":"8","question_type_txt":"Radio Group","questions":"1 | 2 | 3 | 4 | 5"},{"question_id":"24","section_id":"3","scores":"0.5 | 0.4 | 0.3 | 0.2 | 0.1","recommendations":"","question_type":"8","question_type_txt":"Radio Group","questions":"1 | 2 | 3 | 4 | 5"},{"question_id":"25","section_id":"3","scores":"0.5 | 0.4 | 0.3 | 0.2 | 0.1","recommendations":"","question_type":"8","question_type_txt":"Radio Group","questions":"1 | 2 | 3 | 4 | 5"},{"question_id":"26","section_id":"3","scores":"0.5 | 0.4 | 0.3 | 0.2 | 0.1","recommendations":"","question_type":"8","question_type_txt":"Radio Group","questions":"1 | 2 | 3 | 4 | 5"},{"question_id":"27","section_id":"3","scores":"0.5 | 0.4 | 0.3 | 0.2 | 0.1","recommendations":"","question_type":"8","question_type_txt":"Radio Group","questions":"1 | 2 | 3 | 4 | 5"},{"question_id":"28","section_id":"3","scores":"0.5 | 0.4 | 0.3 | 0.2 | 0.1","recommendations":"","question_type":"8","question_type_txt":"Radio Group","questions":"1 | 2 | 3 | 4 | 5"},{"question_id":"29","section_id":"3","scores":"0.5 | 0.4 | 0.3 | 0.2 | 0.1","recommendations":"","question_type":"8","question_type_txt":"Radio Group","questions":"1 | 2 | 3 | 4 | 5"},{"question_id":"30","section_id":"3","scores":"0.5 | 0.4 | 0.3 | 0.2 | 0.1","recommendations":"","question_type":"8","question_type_txt":"Radio Group","questions":"1 | 2 | 3 | 4 | 5"},{"question_id":"31","section_id":"3","scores":"0.5 | 0.4 | 0.3 | 0.2 | 0.1","recommendations":"","question_type":"8","question_type_txt":"Radio Group","questions":"1 | 2 | 3 | 4 | 5"},{"question_id":"32","section_id":"3","scores":"0.5 | 0.4 | 0.3 | 0.2 | 0.1","recommendations":"","question_type":"8","question_type_txt":"Radio Group","questions":"1 | 2 | 3 | 4 | 5"},{"question_id":"33","section_id":"3","scores":"0.5 | 0.4 | 0.3 | 0.2 | 0.1","recommendations":"","question_type":"8","question_type_txt":"Radio Group","questions":"1 | 2 | 3 | 4 | 5"},{"question_id":"34","section_id":"3","scores":"0.5 | 0.4 | 0.3 | 0.2 | 0.1","recommendations":"","question_type":"8","question_type_txt":"Radio Group","questions":"1 | 2 | 3 | 4 | 5"},{"question_id":"35","section_id":"3","scores":"0.5 | 0.4 | 0.3 | 0.2 | 0.1","recommendations":"","question_type":"8","question_type_txt":"Radio Group","questions":"1 | 2 | 3 | 4 | 5"},{"question_id":"36","section_id":"3","scores":"0.5 | 0.4 | 0.3 | 0.2 | 0.1","recommendations":"","question_type":"8","question_type_txt":"Radio Group","questions":"1 | 2 | 3 | 4 | 5"},{"question_id":"37","section_id":"3","scores":"0.5 | 0.4 | 0.3 | 0.2 | 0.1","recommendations":"","question_type":"8","question_type_txt":"Radio Group","questions":"1 | 2 | 3 | 4 | 5"},{"question_id":"38","section_id":"3","scores":"0.5 | 0.4 | 0.3 | 0.2 | 0.1","recommendations":"","question_type":"8","question_type_txt":"Radio Group","questions":"1 | 2 | 3 | 4 | 5"},{"question_id":"39","section_id":"3","scores":"0.5 | 0.4 | 0.3 | 0.2 | 0.1","recommendations":"","question_type":"8","question_type_txt":"Radio Group","questions":"1 | 2 | 3 | 4 | 5"},{"question_id":"40","section_id":"3","scores":"0.5 | 0.4 | 0.3 | 0.2 | 0.1","recommendations":"","question_type":"8","question_type_txt":"Radio Group","questions":"1 | 2 | 3 | 4 | 5"},{"question_id":"41","section_id":"3","scores":"0.5 | 0.4 | 0.3 | 0.2 | 0.1","recommendations":"","question_type":"8","question_type_txt":"Radio Group","questions":"1 | 2 | 3 | 4 | 5"},{"question_id":"42","section_id":"3","scores":"0.5 | 0.4 | 0.3 | 0.2 | 0.1","recommendations":"","question_type":"8","question_type_txt":"Radio Group","questions":"1 | 2 | 3 | 4 | 5"},{"question_id":"43","section_id":"3","scores":"0.5 | 0.4 | 0.3 | 0.2 | 0.1","recommendations":"","question_type":"8","question_type_txt":"Radio Group","questions":"1 | 2 | 3 | 4 | 5"},{"question_id":"44","section_id":"3","scores":"0.5 | 0.4 | 0.3 | 0.2 | 0.1","recommendations":"","question_type":"8","question_type_txt":"Radio Group","questions":"1 | 2 | 3 | 4 | 5"},{"question_id":"45","section_id":"3","scores":"0.5 | 0.4 | 0.3 | 0.2 | 0.1","recommendations":"","question_type":"8","question_type_txt":"Radio Group","questions":"1 | 2 | 3 | 4 | 5"},{"question_id":"46","section_id":"3","scores":"0.5 | 0.4 | 0.3 | 0.2 | 0.1","recommendations":"","question_type":"8","question_type_txt":"Radio Group","questions":"1 | 2 | 3 | 4 | 5"},{"question_id":"47","section_id":"3","scores":"0.5 | 0.4 | 0.3 | 0.2 | 0.1","recommendations":"","question_type":"8","question_type_txt":"Radio Group","questions":"1 | 2 | 3 | 4 | 5"},{"question_id":"48","section_id":"3","scores":"0.5 | 0.4 | 0.3 | 0.2 | 0.1","recommendations":"","question_type":"8","question_type_txt":"Radio Group","questions":"1 | 2 | 3 | 4 | 5"},{"question_id":"49","section_id":"3","scores":"0.5 | 0.4 | 0.3 | 0.2 | 0.1","recommendations":"","question_type":"8","question_type_txt":"Radio Group","questions":"1 | 2 | 3 | 4 | 5"},{"question_id":"50","section_id":"3","scores":"0.5 | 0.4 | 0.3 | 0.2 | 0.1","recommendations":"","question_type":"8","question_type_txt":"Radio Group","questions":"1 | 2 | 3 | 4 | 5"},{"question_id":"51","section_id":"3","scores":"0.5 | 0.4 | 0.3 | 0.2 | 0.1","recommendations":"","question_type":"8","question_type_txt":"Radio Group","questions":"1 | 2 | 3 | 4 | 5"},{"question_id":"52","section_id":"3","scores":"0.5 | 0.4 | 0.3 | 0.2 | 0.1","recommendations":"","question_type":"8","question_type_txt":"Radio Group","questions":"1 | 2 | 3 | 4 | 5"},{"question_id":"53","section_id":"3","scores":"0.5 | 0.4 | 0.3 | 0.2 | 0.1","recommendations":"","question_type":"8","question_type_txt":"Radio Group","questions":"1 | 2 | 3 | 4 | 5"},{"question_id":"54","section_id":"3","scores":"0.5 | 0.4 | 0.3 | 0.2 | 0.1","recommendations":"","question_type":"8","question_type_txt":"Radio Group","questions":"1 | 2 | 3 | 4 | 5"},{"question_id":"55","section_id":"3","scores":"0.5 | 0.4 | 0.3 | 0.2 | 0.1","recommendations":"","question_type":"8","question_type_txt":"Radio Group","questions":"1 | 2 | 3 | 4 | 5"},{"question_id":"56","section_id":"3","scores":"0.5 | 0.4 | 0.3 | 0.2 | 0.1","recommendations":"","question_type":"8","question_type_txt":"Radio Group","questions":"1 | 2 | 3 | 4 | 5"},{"question_id":"57","section_id":"3","scores":"0.5 | 0.4 | 0.3 | 0.2 | 0.1","recommendations":"","question_type":"8","question_type_txt":"Radio Group","questions":"1 | 2 | 3 | 4 | 5"},{"question_id":"58","section_id":"3","scores":"0.5 | 0.4 | 0.3 | 0.2 | 0.1","recommendations":"","question_type":"8","question_type_txt":"Radio Group","questions":"1 | 2 | 3 | 4 | 5"},{"question_id":"59","section_id":"3","scores":"0.5 | 0.4 | 0.3 | 0.2 | 0.1","recommendations":"","question_type":"8","question_type_txt":"Radio Group","questions":"1 | 2 | 3 | 4 | 5"}]}