{
   "assessment_id":44,
   "answers":[
      {
         "question_id":"11",
         "score":"0.9",
         "value":"From 12-24M",
         "scores":"0.5 | 0.3 | 0.2",
         "recommendations":"",
         "question_type":"2",
         "question_type_txt":"Dropdown Single",
         "questions":"From 3-12M | From 12-24M | From 24-48M"
      },
      {
         "question_id":"12",
         "score":"0.5",
         "value":"Yes ",
         "scores":"0.5 | 1",
         "recommendations":"",
         "question_type":"8",
         "question_type_txt":"Radio Group",
         "questions":"Yes | No"
      },
      {
         "question_id":"13",
         "score":"0.2",
         "value":" Heavy rain ",
         "scores":"0.1 | 0.2 | 0.3 | 0.4 | 0.5 | 0.6",
         "recommendations":"",
         "question_type":"7",
         "question_type_txt":"Checkbox group",
         "questions":"Hurricane | Heavy rain | Flood | Drought | Winds | Other"
      },
      {
         "question_id":"14",
         "score":"0.5",
         "value":"Yes ",
         "scores":"0.5 | 1",
         "recommendations":"",
         "question_type":"8",
         "question_type_txt":"Radio Group",
         "questions":"Yes | No"
      },
      {
         "question_id":"15",
         "score":"Heavyrain",
         "value":" Heavy rain ",
         "scores":"Hurricane | Heavy rain | Flood | Drought | Winds | Other",
         "recommendations":"",
         "question_type":"7",
         "question_type_txt":"Checkbox group",
         "questions":"Hurricane | Heavy rain | Flood | Drought | Winds | Other"
      },
      {
         "question_id":"21",
         "score":"4",
         "value":" 2 ",
         "scores":"5 | 4 | 3 | 2 |1",
         "recommendations":"",
         "question_type":"8",
         "question_type_txt":"Radio Group",
         "questions":"1 | 2 | 3 | 4 | 5"
      },
      {
         "question_id":"23",
         "score":"1",
         "value":" No",
         "scores":" 0 | 1",
         "recommendations":"",
         "question_type":"8",
         "question_type_txt":"Radio Group",
         "questions":"Yes | No"
      },
      {
         "question_id":"24",
         "score":"0",
         "value":"Yes ",
         "scores":" 0 | 1",
         "recommendations":"",
         "question_type":"8",
         "question_type_txt":"Radio Group",
         "questions":"Yes | No"
      },
      {
         "question_id":"25",
         "score":"1",
         "value":" No",
         "scores":" 0 | 1",
         "recommendations":"",
         "question_type":"8",
         "question_type_txt":"Radio Group",
         "questions":"Yes | No"
      },
      {
         "question_id":"26",
         "score":"1",
         "value":" No",
         "scores":" 0 | 1",
         "recommendations":"",
         "question_type":"8",
         "question_type_txt":"Radio Group",
         "questions":"Yes | No"
      },
      {
         "question_id":"27",
         "score":"0",
         "value":"Yes ",
         "scores":" 0 | 1",
         "recommendations":"",
         "question_type":"8",
         "question_type_txt":"Radio Group",
         "questions":"Yes | No"
      },
      {
         "question_id":"28",
         "score":"0",
         "value":"Yes ",
         "scores":" 0 | 1",
         "recommendations":"",
         "question_type":"8",
         "question_type_txt":"Radio Group",
         "questions":"Yes | No"
      },
      {
         "question_id":"29",
         "score":"1",
         "value":" No",
         "scores":" 0 | 1",
         "recommendations":"",
         "question_type":"8",
         "question_type_txt":"Radio Group",
         "questions":"Yes | No"
      },
      {
         "question_id":"30",
         "score":"0",
         "value":"Yes ",
         "scores":" 0 | 1",
         "recommendations":"",
         "question_type":"8",
         "question_type_txt":"Radio Group",
         "questions":"Yes | No"
      },
      {
         "question_id":"31",
         "score":"0",
         "value":"Yes ",
         "scores":" 0 | 1",
         "recommendations":"",
         "question_type":"8",
         "question_type_txt":"Radio Group",
         "questions":"Yes | No"
      },
      {
         "question_id":"32",
         "score":"1",
         "value":" No",
         "scores":" 0 | 1",
         "recommendations":"",
         "question_type":"8",
         "question_type_txt":"Radio Group",
         "questions":"Yes | No"
      },
      {
         "question_id":"33",
         "score":"0",
         "value":"Yes ",
         "scores":" 0 | 1",
         "recommendations":"",
         "question_type":"8",
         "question_type_txt":"Radio Group",
         "questions":"Yes | No"
      },
      {
         "question_id":"34",
         "score":"0",
         "value":"Yes ",
         "scores":" 0 | 1",
         "recommendations":"",
         "question_type":"8",
         "question_type_txt":"Radio Group",
         "questions":"Yes | No"
      },
      {
         "question_id":"35",
         "score":"1",
         "value":" No",
         "scores":" 0 | 1",
         "recommendations":"",
         "question_type":"8",
         "question_type_txt":"Radio Group",
         "questions":"Yes | No"
      },
      {
         "question_id":"36",
         "score":"1",
         "value":" No",
         "scores":" 0 | 1",
         "recommendations":"",
         "question_type":"8",
         "question_type_txt":"Radio Group",
         "questions":"Yes | No"
      },
      {
         "question_id":"37",
         "score":"0",
         "value":"Yes ",
         "scores":" 0 | 1",
         "recommendations":"",
         "question_type":"8",
         "question_type_txt":"Radio Group",
         "questions":"Yes | No"
      },
      {
         "question_id":"38",
         "score":"1",
         "value":" No",
         "scores":" 0 | 1",
         "recommendations":"",
         "question_type":"8",
         "question_type_txt":"Radio Group",
         "questions":"Yes | No"
      },
      {
         "question_id":"39",
         "score":"1",
         "value":" No",
         "scores":" 0 | 1",
         "recommendations":"",
         "question_type":"8",
         "question_type_txt":"Radio Group",
         "questions":"Yes | No"
      },
      {
         "question_id":"40",
         "score":"0",
         "value":"Yes ",
         "scores":" 0 | 1",
         "recommendations":"",
         "question_type":"8",
         "question_type_txt":"Radio Group",
         "questions":"Yes | No"
      },
      {
         "question_id":"41",
         "score":"1",
         "value":" No",
         "scores":" 0 | 1",
         "recommendations":"",
         "question_type":"8",
         "question_type_txt":"Radio Group",
         "questions":"Yes | No"
      },
      {
         "question_id":"42",
         "score":"0",
         "value":"Yes ",
         "scores":" 0 | 1",
         "recommendations":"",
         "question_type":"8",
         "question_type_txt":"Radio Group",
         "questions":"Yes | No"
      },
      {
         "question_id":"43",
         "score":"0",
         "value":"Yes ",
         "scores":" 0 | 1",
         "recommendations":"",
         "question_type":"8",
         "question_type_txt":"Radio Group",
         "questions":"Yes | No"
      },
      {
         "question_id":"44",
         "score":"0",
         "value":"Yes ",
         "scores":" 0 | 1",
         "recommendations":"",
         "question_type":"8",
         "question_type_txt":"Radio Group",
         "questions":"Yes | No"
      },
      {
         "question_id":"45",
         "score":"0",
         "value":"Yes ",
         "scores":" 0 | 1",
         "recommendations":"",
         "question_type":"8",
         "question_type_txt":"Radio Group",
         "questions":"Yes | No"
      },
      {
         "question_id":"46",
         "score":"0",
         "value":"Yes ",
         "scores":" 0 | 1",
         "recommendations":"",
         "question_type":"8",
         "question_type_txt":"Radio Group",
         "questions":"Yes | No"
      },
      {
         "question_id":"47",
         "score":"0",
         "value":"Yes ",
         "scores":" 0 | 1",
         "recommendations":"",
         "question_type":"8",
         "question_type_txt":"Radio Group",
         "questions":"Yes | No"
      },
      {
         "question_id":"48",
         "score":"0",
         "value":"Yes ",
         "scores":" 0 | 1",
         "recommendations":"",
         "question_type":"8",
         "question_type_txt":"Radio Group",
         "questions":"Yes | No"
      },
      {
         "question_id":"49",
         "score":"0",
         "value":"Yes ",
         "scores":" 0 | 1",
         "recommendations":"",
         "question_type":"8",
         "question_type_txt":"Radio Group",
         "questions":"Yes | No"
      },
      {
         "question_id":"50",
         "score":"1",
         "value":" No",
         "scores":" 0 | 1",
         "recommendations":"",
         "question_type":"8",
         "question_type_txt":"Radio Group",
         "questions":"Yes | No"
      },
      {
         "question_id":"51",
         "score":"0",
         "value":"Yes ",
         "scores":" 0 | 1",
         "recommendations":"",
         "question_type":"8",
         "question_type_txt":"Radio Group",
         "questions":"Yes | No"
      },
      {
         "question_id":"52",
         "score":"0",
         "value":"Yes ",
         "scores":" 0 | 1",
         "recommendations":"",
         "question_type":"8",
         "question_type_txt":"Radio Group",
         "questions":"Yes | No"
      },
      {
         "question_id":"53",
         "score":"1",
         "value":" No",
         "scores":" 0 | 1",
         "recommendations":"",
         "question_type":"8",
         "question_type_txt":"Radio Group",
         "questions":"Yes | No"
      },
      {
         "question_id":"54",
         "score":"0",
         "value":"Yes ",
         "scores":" 0 | 1",
         "recommendations":"",
         "question_type":"8",
         "question_type_txt":"Radio Group",
         "questions":"Yes | No"
      },
      {
         "question_id":"55",
         "score":"1",
         "value":" No",
         "scores":" 0 | 1",
         "recommendations":"",
         "question_type":"8",
         "question_type_txt":"Radio Group",
         "questions":"Yes | No"
      },
      {
         "question_id":"56",
         "score":"0",
         "value":"Yes ",
         "scores":" 0 | 1",
         "recommendations":"",
         "question_type":"8",
         "question_type_txt":"Radio Group",
         "questions":"Yes | No"
      },
      {
         "question_id":"57",
         "score":"1",
         "value":" No",
         "scores":" 0 | 1",
         "recommendations":"",
         "question_type":"8",
         "question_type_txt":"Radio Group",
         "questions":"Yes | No"
      },
      {
         "question_id":"58",
         "score":"0",
         "value":"Yes ",
         "scores":" 0 | 1",
         "recommendations":"",
         "question_type":"8",
         "question_type_txt":"Radio Group",
         "questions":"Yes | No"
      },
      {
         "question_id":"59",
         "score":"1",
         "value":" No",
         "scores":" 0 | 1",
         "recommendations":"",
         "question_type":"8",
         "question_type_txt":"Radio Group",
         "questions":"Yes | No"
      }
   ]
}