{"assessment_id":75,"answers":[{"question_id":"11","score":"0.5","value":"From 3-12M","scores":"0.5 | 0.3 | 0.2","recommendations":"","question_type":"2","question_type_txt":"Dropdown Single","questions":"From 3-12M | From 12-24M | From 24-48M"},{"question_id":"12","score":"1","value":" No","scores":"0.5 | 1","recommendations":"","question_type":"8","question_type_txt":"Radio Group","questions":"Yes | No"},{"question_id":"13","score":"0.1","value":"Hurricane ","scores":"0.1 | 0.2 | 0.3 | 0.4 | 0.5 | 0.6","recommendations":"","question_type":"7","question_type_txt":"Checkbox group","questions":"Hurricane | Heavy rain | Flood | Drought | Winds | Other"},{"question_id":"14","score":"1","value":" No","scores":"0.5 | 1","recommendations":"","question_type":"8","question_type_txt":"Radio Group","questions":"Yes | No"},{"question_id":"15","score":"Heavyrain","value":" Heavy rain ","scores":"Hurricane | Heavy rain | Flood | Drought | Winds | Other","recommendations":"","question_type":"7","question_type_txt":"Checkbox group","questions":"Hurricane | Heavy rain | Flood | Drought | Winds | Other"},{"question_id":"21","score":"2","value":" 4 ","scores":"5 | 4 | 3 | 2 |1","recommendations":"","question_type":"8","question_type_txt":"Radio Group","questions":"1 | 2 | 3 | 4 | 5"},{"question_id":"23","score":"1","value":" No","scores":" 0 | 1","recommendations":"","question_type":"8","question_type_txt":"Radio Group","questions":"Yes | No"},{"question_id":"24","score":"1","value":" No","scores":" 0 | 1","recommendations":"","question_type":"8","question_type_txt":"Radio Group","questions":"Yes | No"},{"question_id":"25","score":"0","value":"Yes ","scores":" 0 | 1","recommendations":"","question_type":"8","question_type_txt":"Radio Group","questions":"Yes | No"},{"question_id":"26","score":"1","value":" No","scores":" 0 | 1","recommendations":"","question_type":"8","question_type_txt":"Radio Group","questions":"Yes | No"},{"question_id":"27","score":"0","value":"Yes ","scores":" 0 | 1","recommendations":"","question_type":"8","question_type_txt":"Radio Group","questions":"Yes | No"},{"question_id":"28","score":"1","value":" No","scores":" 0 | 1","recommendations":"","question_type":"8","question_type_txt":"Radio Group","questions":"Yes | No"},{"question_id":"29","score":"1","value":" No","scores":" 0 | 1","recommendations":"","question_type":"8","question_type_txt":"Radio Group","questions":"Yes | No"},{"question_id":"30","scores":" 0 | 1","recommendations":"","question_type":"8","question_type_txt":"Radio Group","questions":"Yes | No"},{"question_id":"31","scores":" 0 | 1","recommendations":"","question_type":"8","question_type_txt":"Radio Group","questions":"Yes | No"},{"question_id":"32","scores":" 0 | 1","recommendations":"","question_type":"8","question_type_txt":"Radio Group","questions":"Yes | No"},{"question_id":"33","scores":" 0 | 1","recommendations":"","question_type":"8","question_type_txt":"Radio Group","questions":"Yes | No"},{"question_id":"34","scores":" 0 | 1","recommendations":"","question_type":"8","question_type_txt":"Radio Group","questions":"Yes | No"},{"question_id":"35","scores":" 0 | 1","recommendations":"","question_type":"8","question_type_txt":"Radio Group","questions":"Yes | No"},{"question_id":"36","scores":" 0 | 1","recommendations":"","question_type":"8","question_type_txt":"Radio Group","questions":"Yes | No"},{"question_id":"37","scores":" 0 | 1","recommendations":"","question_type":"8","question_type_txt":"Radio Group","questions":"Yes | No"},{"question_id":"38","scores":" 0 | 1","recommendations":"","question_type":"8","question_type_txt":"Radio Group","questions":"Yes | No"},{"question_id":"39","scores":" 0 | 1","recommendations":"","question_type":"8","question_type_txt":"Radio Group","questions":"Yes | No"},{"question_id":"40","score":"0","value":"Yes ","scores":" 0 | 1","recommendations":"","question_type":"8","question_type_txt":"Radio Group","questions":"Yes | No"},{"question_id":"41","score":"1","value":" No","scores":" 0 | 1","recommendations":"","question_type":"8","question_type_txt":"Radio Group","questions":"Yes | No"},{"question_id":"42","scores":" 0 | 1","recommendations":"","question_type":"8","question_type_txt":"Radio Group","questions":"Yes | No"},{"question_id":"43","score":"0","value":"Yes ","scores":" 0 | 1","recommendations":"","question_type":"8","question_type_txt":"Radio Group","questions":"Yes | No"},{"question_id":"44","score":"1","value":" No","scores":" 0 | 1","recommendations":"","question_type":"8","question_type_txt":"Radio Group","questions":"Yes | No"},{"question_id":"45","score":"0","value":"Yes ","scores":" 0 | 1","recommendations":"","question_type":"8","question_type_txt":"Radio Group","questions":"Yes | No"},{"question_id":"46","score":"1","value":" No","scores":" 0 | 1","recommendations":"","question_type":"8","question_type_txt":"Radio Group","questions":"Yes | No"},{"question_id":"47","score":"0","value":"Yes ","scores":" 0 | 1","recommendations":"","question_type":"8","question_type_txt":"Radio Group","questions":"Yes | No"},{"question_id":"48","score":"1","value":" No","scores":" 0 | 1","recommendations":"","question_type":"8","question_type_txt":"Radio Group","questions":"Yes | No"},{"question_id":"49","scores":" 0 | 1","recommendations":"","question_type":"8","question_type_txt":"Radio Group","questions":"Yes | No"},{"question_id":"50","scores":" 0 | 1","recommendations":"","question_type":"8","question_type_txt":"Radio Group","questions":"Yes | No"},{"question_id":"51","scores":" 0 | 1","recommendations":"","question_type":"8","question_type_txt":"Radio Group","questions":"Yes | No"},{"question_id":"52","scores":" 0 | 1","recommendations":"","question_type":"8","question_type_txt":"Radio Group","questions":"Yes | No"},{"question_id":"53","scores":" 0 | 1","recommendations":"","question_type":"8","question_type_txt":"Radio Group","questions":"Yes | No"},{"question_id":"54","scores":" 0 | 1","recommendations":"","question_type":"8","question_type_txt":"Radio Group","questions":"Yes | No"},{"question_id":"55","scores":" 0 | 1","recommendations":"","question_type":"8","question_type_txt":"Radio Group","questions":"Yes | No"},{"question_id":"56","scores":" 0 | 1","recommendations":"","question_type":"8","question_type_txt":"Radio Group","questions":"Yes | No"},{"question_id":"57","scores":" 0 | 1","recommendations":"","question_type":"8","question_type_txt":"Radio Group","questions":"Yes | No"},{"question_id":"58","scores":" 0 | 1","recommendations":"","question_type":"8","question_type_txt":"Radio Group","questions":"Yes | No"},{"question_id":"59","scores":" 0 | 1","recommendations":"","question_type":"8","question_type_txt":"Radio Group","questions":"Yes | No"}]}