{"assessment_id":80,"answers":[{"question_id":"11","score":"0.5","value":"From 3-12M","scores":"0.5 | 0.3 | 0.2","recommendations":"","question_type":"2","question_type_txt":"Dropdown Single","questions":"From 3-12M | From 12-24M | From 24-48M"},{"question_id":"12","score":"0.5","value":"Yes ","scores":"0.5 | 1","recommendations":"","question_type":"8","question_type_txt":"Radio Group","questions":"Yes | No"},{"question_id":"13","score":"0.3","value":" Flood ","scores":"0.1 | 0.2 | 0.3 | 0.4 | 0.5 | 0.6","recommendations":"","question_type":"7","question_type_txt":"Checkbox group","questions":"Hurricane | Heavy rain | Flood | Drought | Winds | Other"},{"question_id":"14","score":"0.5","value":"Yes ","scores":"0.5 | 1","recommendations":"","question_type":"8","question_type_txt":"Radio Group","questions":"Yes | No"},{"question_id":"15","score":"Winds","value":" Winds ","scores":"Hurricane | Heavy rain | Flood | Drought | Winds | Other","recommendations":"","question_type":"7","question_type_txt":"Checkbox group","questions":"Hurricane | Heavy rain | Flood | Drought | Winds | Other"},{"question_id":"21","score":"4","value":" 2 ","scores":"5 | 4 | 3 | 2 |1","recommendations":"","question_type":"8","question_type_txt":"Radio Group","questions":"1 | 2 | 3 | 4 | 5"},{"question_id":"23","score":"1","value":" No","scores":" 0 | 1","recommendations":"","question_type":"8","question_type_txt":"Radio Group","questions":"Yes | No"},{"question_id":"24","score":"0","value":"Yes ","scores":" 0 | 1","recommendations":"","question_type":"8","question_type_txt":"Radio Group","questions":"Yes | No"},{"question_id":"25","score":"1","value":" No","scores":" 0 | 1","recommendations":"","question_type":"8","question_type_txt":"Radio Group","questions":"Yes | No"},{"question_id":"26","score":"0","value":"Yes ","scores":" 0 | 1","recommendations":"","question_type":"8","question_type_txt":"Radio Group","questions":"Yes | No"},{"question_id":"27","score":"0","value":"Yes ","scores":" 0 | 1","recommendations":"","question_type":"8","question_type_txt":"Radio Group","questions":"Yes | No"},{"question_id":"28","score":"1","value":" No","scores":" 0 | 1","recommendations":"","question_type":"8","question_type_txt":"Radio Group","questions":"Yes | No"},{"question_id":"29","score":"0","value":"Yes ","scores":" 0 | 1","recommendations":"","question_type":"8","question_type_txt":"Radio Group","questions":"Yes | No"},{"question_id":"30","score":"1","value":" No","scores":" 0 | 1","recommendations":"","question_type":"8","question_type_txt":"Radio Group","questions":"Yes | No"},{"question_id":"31","score":"0","value":"Yes ","scores":" 0 | 1","recommendations":"","question_type":"8","question_type_txt":"Radio Group","questions":"Yes | No"},{"question_id":"32","score":"1","value":" No","scores":" 0 | 1","recommendations":"","question_type":"8","question_type_txt":"Radio Group","questions":"Yes | No"},{"question_id":"33","score":"0","value":"Yes ","scores":" 0 | 1","recommendations":"","question_type":"8","question_type_txt":"Radio Group","questions":"Yes | No"},{"question_id":"34","score":"1","value":" No","scores":" 0 | 1","recommendations":"","question_type":"8","question_type_txt":"Radio Group","questions":"Yes | No"},{"question_id":"35","score":"1","value":" No","scores":" 0 | 1","recommendations":"","question_type":"8","question_type_txt":"Radio Group","questions":"Yes | No"},{"question_id":"36","score":"0","value":"Yes ","scores":" 0 | 1","recommendations":"","question_type":"8","question_type_txt":"Radio Group","questions":"Yes | No"},{"question_id":"37","score":"1","value":" No","scores":" 0 | 1","recommendations":"","question_type":"8","question_type_txt":"Radio Group","questions":"Yes | No"},{"question_id":"38","score":"0","value":"Yes ","scores":" 0 | 1","recommendations":"","question_type":"8","question_type_txt":"Radio Group","questions":"Yes | No"},{"question_id":"39","score":"1","value":" No","scores":" 0 | 1","recommendations":"","question_type":"8","question_type_txt":"Radio Group","questions":"Yes | No"},{"question_id":"40","scores":" 0 | 1","recommendations":"","question_type":"8","question_type_txt":"Radio Group","questions":"Yes | No"},{"question_id":"41","scores":" 0 | 1","recommendations":"","question_type":"8","question_type_txt":"Radio Group","questions":"Yes | No"},{"question_id":"42","scores":" 0 | 1","recommendations":"","question_type":"8","question_type_txt":"Radio Group","questions":"Yes | No"},{"question_id":"43","scores":" 0 | 1","recommendations":"","question_type":"8","question_type_txt":"Radio Group","questions":"Yes | No"},{"question_id":"44","scores":" 0 | 1","recommendations":"","question_type":"8","question_type_txt":"Radio Group","questions":"Yes | No"},{"question_id":"45","scores":" 0 | 1","recommendations":"","question_type":"8","question_type_txt":"Radio Group","questions":"Yes | No"},{"question_id":"46","scores":" 0 | 1","recommendations":"","question_type":"8","question_type_txt":"Radio Group","questions":"Yes | No"},{"question_id":"47","scores":" 0 | 1","recommendations":"","question_type":"8","question_type_txt":"Radio Group","questions":"Yes | No"},{"question_id":"48","scores":" 0 | 1","recommendations":"","question_type":"8","question_type_txt":"Radio Group","questions":"Yes | No"},{"question_id":"49","scores":" 0 | 1","recommendations":"","question_type":"8","question_type_txt":"Radio Group","questions":"Yes | No"},{"question_id":"50","scores":" 0 | 1","recommendations":"","question_type":"8","question_type_txt":"Radio Group","questions":"Yes | No"},{"question_id":"51","scores":" 0 | 1","recommendations":"","question_type":"8","question_type_txt":"Radio Group","questions":"Yes | No"},{"question_id":"52","scores":" 0 | 1","recommendations":"","question_type":"8","question_type_txt":"Radio Group","questions":"Yes | No"},{"question_id":"53","scores":" 0 | 1","recommendations":"","question_type":"8","question_type_txt":"Radio Group","questions":"Yes | No"},{"question_id":"54","scores":" 0 | 1","recommendations":"","question_type":"8","question_type_txt":"Radio Group","questions":"Yes | No"},{"question_id":"55","scores":" 0 | 1","recommendations":"","question_type":"8","question_type_txt":"Radio Group","questions":"Yes | No"},{"question_id":"56","scores":" 0 | 1","recommendations":"","question_type":"8","question_type_txt":"Radio Group","questions":"Yes | No"},{"question_id":"57","scores":" 0 | 1","recommendations":"","question_type":"8","question_type_txt":"Radio Group","questions":"Yes | No"},{"question_id":"58","scores":" 0 | 1","recommendations":"","question_type":"8","question_type_txt":"Radio Group","questions":"Yes | No"},{"question_id":"59","scores":" 0 | 1","recommendations":"","question_type":"8","question_type_txt":"Radio Group","questions":"Yes | No"}]}